id;name;detail;hostname;port;username;password;icon;connection_type;type;region;ignore_dotted_files;recurse;path_filter_regex;remote_path;creation_date;last_updated
1;Innovative;calculate synthesizing;time-frame Wooden;21074;Investment system;Unbranded groupware Borders;orchestration Horizontal;mesh;FIXED;SCSI indexing;true;true;turquoise synergies Drives;capability transmitter;2021-08-17T06:29:41;2021-08-17T08:45:42
2;functionalities pixel feed;violet;quantifying embrace;24735;Cotton;synergize;reintermediate Chief;interfaces Avon Concrete;XLS;Salad cohesive Home;true;false;Regional;bandwidth;2021-08-17T18:15:26;2021-08-17T23:30:34
3;THX Grocery Pennsylvania;model Leone;Mexico;93504;Small;payment mindshare invoice;Manager HDD supply-chains;back Internal;EBCDIC;e-services Computers cohesive;false;false;indexing payment;Kids Division Republic);2021-08-17T19:24:33;2021-08-17T02:32:01
4;Plain Account repurpose;and transmitter Frozen;Sports RAM sticky;87716;frictionless grey;programming Frozen;Canyon;Steel;JSON;strategic e-tailers;true;true;Strategist;Music;2021-08-17T11:24:41;2021-08-17T06:45:01
5;Refined generate;application Prairie;IB Communications;95137;copying context-sensitive invoice;Checking Representative panel;compressing Movies Computers;deposit;JDBC;Hawaii Jewelery backing;true;true;payment Soft deposit;viral envisioneer transparent;2021-08-17T00:54:47;2021-08-17T06:59:49
6;Outdoors impactful;bypassing drive Monaco;California;75162;Bedfordshire withdrawal;deploy Customer solid;Polarised Facilitator;calculate open overriding;ARVO;Ball interfaces customized;true;false;Vietnam multi-byte Intelligent;Account;2021-08-17T02:37:38;2021-08-17T21:30:02
7;streamline;Manors;SSL;41557;parse;solution Marks;front-end;Human Ports vortals;XML;Wooden Incredible virtual;true;true;Frozen Rufiyaa Concrete;Soap Estonia User-centric;2021-08-17T00:32:11;2021-08-17T02:04:27
8;quantifying system;benchmark;Gateway payment Shoes;70035;time-frame;invoice;Toys;visualize withdrawal;JDBC;projection;true;false;e-commerce synergies;methodologies;2021-08-17T14:37:13;2021-08-17T06:19:48
9;Territories harness;Maine;PNG primary engineer;28551;architectures;bandwidth applications;programming;portals Operations;JDBC;Myanmar;true;false;Communications;Sleek;2021-08-17T01:09:19;2021-08-17T20:24:57
10;Coordinator time-frame;transmitting;action-items Dinar synthesizing;28970;payment navigating;lime Legacy Forks;Ways;invoice Principal Tools;QMS;Assistant Landing teal;false;false;up Kids;Planner Customer;2021-08-17T07:55:20;2021-08-17T21:08:34
